idx,file,expr,hash,direction,ic_mean,icir,ls_annual,ls_sharpe,calmar,long_excess_annual,monotonicity,oos_ic_mean,oos_icir,oos_ls_sharpe,oos_long_excess_annual,oos_monotonicity
1,0001_add_zscore_std_rank_cs_log_mv_20_add_ran_73760069.parquet,"add(zscore(std(rank_cs(log_mv), 20)), add(rank_cs(log_mv), rank_cs(log_amount)))",73760069c5818c00,-1,0.0705124534320464,0.86626457301501,0.4249618047120906,3.681905265875444,5.61383701173472,0.1855600661736078,1.0,0.085189938104198,0.95132646364537,3.777946918087119,0.194008893264205,0.9636363636363636
2,0002_add_rank_cs_std_rank_cs_log_amount_20_ad_29a0e85c.parquet,"add(rank_cs(std(rank_cs(log_amount), 20)), add(rank_cs(log_mv), roc(rank_cs(log_mv), 60)))",29a0e85cd3e58e42,-1,0.0546646070319243,0.9943340325365776,0.3456611395485316,3.612122915726888,5.202451228715772,0.1723607610788722,1.0,0.0680453972235412,1.2480779441709124,3.8103594686100593,0.167797908345848,0.9757575757575756
3,0003_add_max_skew_ret_120_20_add_roc_rank_cs__3085e3e6.parquet,"add(max(skew(ret, 120), 20), add(roc(rank_cs(log_mv), 60), rank_cs(log_mv)))",3085e3e6693cb265,-1,0.0444991082574269,0.8574326798512591,0.2347086372261215,3.1521951353297677,3.532696838238929,0.1086991338571923,1.0,0.0517592867115562,0.8114435336932684,2.098624402466068,0.0416300282029027,0.9393939393939392
4,0004_add_rank_cs_std_log_amount_20_add_rank_c_4793136c.parquet,"add(rank_cs(std(log_amount, 20)), add(rank_cs(skew(adj_close, 40)), rank_cs(log_mv)))",4793136c6ce4da30,-1,0.053070448644776,0.9069559973418996,0.2825342192521851,3.689808673623193,5.4876242309570165,0.0758060218312381,1.0,0.06291193075397,0.9221583045295018,3.3705067011271623,0.0682902525035045,1.0
5,0005_add_rank_cs_std_rank_cs_log_amount_20_ad_e9cf0113.parquet,"add(rank_cs(std(rank_cs(log_amount), 20)), add(zscore(down_shadow), roc(rank_cs(log_mv), 60)))",e9cf011343d21e46,-1,0.0469905173838634,0.8612903971101231,0.1117567399082415,1.7859638057047906,1.6878956402177872,0.0152455916256382,1.0,0.0528340922027527,0.9236044213840102,1.3505384411726231,-0.0228887918879281,0.6848484848484848
6,0006_ma_zscore_std_zscore_log_amount_5_250_483ff8cb.parquet,"ma(zscore(std(zscore(log_amount), 5)), 250)",483ff8cbe7c387c8,-1,0.0311435336681173,0.6257020770938665,0.1170195244993954,1.9956236014249435,2.134276740328595,0.0560240211704967,0.9878787878787878,0.0394605708209421,0.6066774913118418,1.3768653154557975,0.0325771385717861,0.7939393939393938
7,0007_sub_rank_cs_ma_overnight_10_rank_cs_ma_i_56dc2d9b.parquet,"sub(rank_cs(ma(overnight, 10)), rank_cs(ma(intraday, 10)))",56dc2d9bb5cdb938,1,0.0395020563406604,0.7346336505913236,0.1836908945300746,2.832688481277743,2.339526649911404,0.0137616950641739,0.9636363636363636,0.0441354568813218,0.7957704497667909,1.8569565679339872,0.0339133810629315,0.5757575757575757
8,0008_add_max_rank_cs_log_amount_20_zscore_max_3d6eeaa3.parquet,"add(max(rank_cs(log_amount), 20), zscore(max(delta(log_volume, 40), 20)))",3d6eeaa3807d666b,-1,0.0513866184894867,0.7789482899967873,0.2155686911586847,2.49943697414692,2.4831254617741245,0.0384954391941771,0.9878787878787878,0.0628303269712771,0.9029501444783868,2.0615630818159643,0.0463430431513325,0.9151515151515152
9,0009_add_add_max_zscore_skew_adj_close_40_20__0f5a968c.parquet,"add(add(max(zscore(skew(adj_close, 40)), 20), rank_cs(log_mv)), roc(rank_cs(log_mv), 60))",0f5a968c457f0929,-1,0.0426841906601763,0.8668388804963089,0.2334353531374484,3.2169116580743067,5.340749803614027,0.0795372800090103,1.0,0.0505012573989716,0.9127406278222424,2.9009415144702206,0.091232208549725,0.8909090909090909
10,0010_sub_rank_cs_ma_overnight_10_rank_cs_skew_cde62305.parquet,"sub(rank_cs(ma(overnight, 10)), rank_cs(skew(adj_close, 40)))",cde623055c900aa9,1,0.0324215222349314,0.6619257737222186,0.131162687510016,2.113693149982403,1.3866122921117419,0.018611777267754,1.0,0.0315005553984369,0.57999402792702,1.0759702374102027,-0.0081619744322614,0.9757575757575756
11,0011_sub_rank_cs_ma_overnight_10_rank_cs_skew_68d2d9c5.parquet,"sub(rank_cs(ma(overnight, 10)), rank_cs(skew(ret, 40)))",68d2d9c5ae5764c2,1,0.0359483325973396,0.7114655334498942,0.0967554968460973,1.7742674227655708,1.0818009088732998,0.0140465963618732,1.0,0.0318362888165633,0.5805624006965571,-0.4366684475539466,-0.0447905158735238,0.7575757575757575
12,0012_add_add_max_skew_ret_120_20_roc_rank_cs__cb6494e2.parquet,"add(add(max(skew(ret, 120), 20), roc(rank_cs(log_mv), 60)), zscore(log_volume))",cb6494e2aaf0e847,-1,0.0608196391034655,0.7146031251867407,0.2934630829449758,2.548832722836357,2.391675648373121,0.0674387142035988,1.0,0.0724470102184475,0.8609082598367325,2.5791189862399726,0.0207404341483079,0.8666666666666665
13,0013_add_max_rank_cs_log_amount_20_zscore_max_650d56fa.parquet,"add(max(rank_cs(log_amount), 20), zscore(max(delta(adj_high, 40), 20)))",650d56faf59dbffa,-1,0.0565494974312669,0.6287263125694333,0.2434697130225065,2.047549100278516,1.6891581472026262,0.0601182098293544,0.9878787878787878,0.0615341223620404,0.6335253251424707,0.3138021748946978,0.037737899005438,0.5151515151515151
14,0014_add_max_rank_cs_log_amount_20_rank_cs_ro_b69370e1.parquet,"add(max(rank_cs(log_amount), 20), rank_cs(roc(rank_cs(log_mv), 10)))",b69370e182270e30,-1,0.0685493905481495,0.9478836888697306,0.3885021019282479,3.7030278606133673,4.0880261175379236,0.1211842104843048,0.9878787878787878,0.0800996256593332,1.1661633240837428,3.560957753689866,0.121278020048374,0.8181818181818182
15,0015_add_add_rank_cs_log_mv_rank_cs_max_adj_l_1e788fe2.parquet,"add(add(rank_cs(log_mv), rank_cs(max(adj_low, 5))), roc(rank_cs(log_mv), 60))",1e788fe280af7816,-1,0.0501465225122818,0.5239448759712952,0.3211215130081484,2.89333575729262,3.780207144458129,0.1530979228384714,1.0,0.0458411855016155,0.4448776839030491,1.5473328233003645,0.0780691537900588,0.6121212121212121
16,0016_add_add_max_skew_adj_high_120_20_rank_cs_e118ef1d.parquet,"add(add(max(skew(adj_high, 120), 20), rank_cs(log_mv)), roc(rank_cs(log_mv), 60))",e118ef1dfc791c87,-1,0.0360023576212326,0.7032497266239995,0.219203363268684,2.743557518935695,2.899171714790081,0.0991915155065026,1.0,0.0497857385006476,0.8091226130083454,2.6096123707425387,0.0773247265161729,0.9878787878787878
