expr,hash,ic_mean,oos_ic_mean,ls_sharpe,oos_ls_sharpe,oos_long_excess_annual,oos_monotonicity,ic_retention
"add(zscore(std(rank_cs(log_mv), 20)), add(rank_cs(log_mv), rank_cs(log_amount)))",73760069c5818c00,0.070686889227077,0.0853596113436382,3.46522843741694,3.76593773437,0.1940731252430714,0.9515151515151514,1.2075734591944773
"add(max(rank_cs(log_amount), 20), rank_cs(roc(rank_cs(log_mv), 10)))",b69370e182270e30,0.0670991528557827,0.0792226840274555,3.780249317644265,3.66134875517961,0.1247463189294002,0.8060606060606059,1.1806808380685534
"add(add(rank_cs(ma(intraday, 120)), rank_cs(skew(adj_close, 40))), rank_cs(std(log_amount, 20)))",ce65ec61ae9a7f59,0.0605747056644784,0.0732259393344316,3.4716767924014613,3.03581762409836,0.0543688258784829,0.9393939393939392,1.208853407229546
"add(add(max(skew(ret, 120), 20), roc(rank_cs(log_mv), 60)), zscore(log_volume))",cb6494e2aaf0e847,0.0611902787263005,0.0729454587404002,2.6675871290641746,2.6693640986688743,0.0215802557095392,0.8545454545454544,1.1921086201728177
"add(add(zscore(intraday), zscore(rank_cs(log_mv))), zscore(std(log_amount, 20)))",8d69a9a3c29fe2b3,0.0562728054483585,0.0702430388877071,3.860695512741306,4.107661140138018,0.041488573542195,0.9878787878787878,1.2482590538722842
"add(rank_cs(std(rank_cs(log_amount), 20)), add(rank_cs(log_mv), roc(rank_cs(log_mv), 60)))",29a0e85cd3e58e42,0.0518324007896833,0.0680385768006983,3.392269517007466,4.029894807812469,0.1639064764846711,0.9636363636363636,1.3126649694806471
"add(add(rank_cs(intraday), rank_cs(max(rank_cs(log_amount), 20))), rank_cs(skew(adj_close, 40)))",399ac16b92f073ae,0.0609234951716943,0.0656495564999332,3.482958497656159,2.8720940836561195,0.0100420300836852,0.9757575757575756,1.0775737064152335
"add(max(zscore(skew(adj_close, 60)), 20), zscore(max(delta(log_volume, 40), 20)))",8b2a1e9913243085,0.0495635776384449,0.0565312974353055,2.7190636833917456,2.195634145648868,0.0563299244499611,0.9757575757575756,1.1405814537378343
"add(rank_cs(std(rank_cs(log_amount), 20)), add(zscore(down_shadow), roc(rank_cs(log_mv), 60)))",e9cf011343d21e46,0.0477905029356871,0.0535889544247531,2.0458102191679237,1.6205827067602931,-0.0242009051033008,0.7939393939393938,1.121330622882733
"add(max(skew(ret, 120), 20), add(roc(rank_cs(log_mv), 60), rank_cs(log_mv)))",3085e3e6693cb265,0.0436273346805335,0.0519126022530183,3.1550483395984115,2.320526139653245,0.0407194446167149,0.9393939393939392,1.1899100101611682
"sub(sub(rank_cs(ma(overnight, 10)), rank_cs(skew(adj_close, 40))), rank_cs(ma(intraday, 10)))",ad2aaa85584190ad,0.0462220758810024,0.0514971507468985,3.2192680750270526,2.267326810925085,0.0147693084767308,0.9636363636363636,1.1141245771712343
"add(add(rank_cs(ma(intraday, 120)), zscore(rank_cs(log_mv))), zscore(skew(adj_close, 80)))",0bb21f84929802b4,0.0442778263920074,0.0508270398901543,3.0945746862367267,2.3141257352657947,0.0769458202204729,1.0,1.1479118112114262
"add(add(max(skew(adj_high, 120), 20), rank_cs(log_mv)), roc(rank_cs(log_mv), 60))",e118ef1dfc791c87,0.0352099479779881,0.0500585776519225,2.6165018604572783,2.864955367217626,0.0743982470855131,1.0,1.4217168876028217
"add(add(rank_cs(log_mv), skew(adj_close, 40)), zscore(skew(rank_cs(overnight), 80)))",72246541bb1fcd8f,0.040464484162258,0.049610334073506,3.592535786074228,3.850382413895777,0.0890787824082841,0.9878787878787878,1.2260216607377021
"rank_cs(zscore(mul(min(overnight, 20), skew(intraday, 80))))",ef733a461c7e6a7e,0.0424725168152164,0.0478044969094127,2.934584508028875,2.141136576908729,0.0438394357219353,0.9030303030303028,1.125539536952659
"add(add(rank_cs(ma(intraday, 120)), zscore(rank_cs(hl_ratio))), zscore(skew(adj_close, 80)))",4418acf23fa22ff4,0.0403749896543787,0.0419876176504876,3.276918507064245,2.4154125261516457,-0.0036602275680374,0.9757575757575756,1.0399412609121006
"ma(zscore(std(log_amount, 20)), 250)",89b5f90fdcdbc4b7,0.032835328435223,0.0403012903191758,2.03233025551278,2.280830520413464,0.0774667179565087,0.9151515151515152,1.2273758856617356
"ma(zscore(std(zscore(log_amount), 5)), 250)",483ff8cbe7c387c8,0.0311435336681173,0.0394605708209421,1.9956236014249435,1.3768653154557975,0.0325771385717861,0.7939393939393938,1.267055024694877
"add(add(rank_cs(skew(adj_close, 40)), rank_cs(std(skew(up_shadow, 40), 20))), rank_cs(sub(down_shadow, overnight)))",010b57b08004fc51,0.0376961811690969,0.0389742637034303,2.3363237659113745,1.849402321672306,-0.0293074495906888,0.9272727272727272,1.0339048278816414
"add(add(rank_cs(log_mv), skew(adj_close, 40)), zscore(skew(rank_cs(adj_high), 80)))",0a5df810f41dfcd2,0.0306090324674371,0.0387099518458518,2.3913248281395134,2.590769265300217,0.0072965968980696,0.9636363636363636,1.2646578060588072
"add(add(rank_cs(intraday), rank_cs(skew(adj_close, 40))), rank_cs(std(skew(up_shadow, 40), 20)))",79ae2638588320ba,0.0328723872247652,0.0360581849476011,2.514283383719214,2.708325558207485,-0.0083455198646602,0.9878787878787878,1.0969140969608622
"ma(zscore(std(amplitude, 20)), 250)",46f66a7f836179d7,0.0449610486007958,0.0328772895498584,1.570937095234501,0.0803923668337695,-0.0470097256880119,-0.3575757575757575,0.7312393854905884
"zscore(skew(adj_close, 60))",208528d843955ea1,0.0302349829782927,0.0304591206027335,2.3464320171970376,1.768454776611327,0.0453594465311832,0.6969696969696969,1.0074131883785653
